<?xml version="1.0" encoding="UTF-8"?>
<glade-catalog name="gtk+" library="gladegtk" domain="glade-3" book="gtk">
  <glade-widget-classes>

    <glade-widget-class name="GtkWidget" title="Widget">
      <properties>
	<property ignore="True" id="visible" default="True" common="True"/>
	<property optional-default="False" optional="True" id="width-request" default="0" common="True"/>
	<property optional-default="False" optional="True" id="height-request" default="0" common="True"/>

	<property weight="4.5" translatable="True" id="tooltip" default="" common="True" name="Tooltip">
	  <spec>glade_standard_string_spec</spec>
	  <tooltip>A tooltip text for this widget</tooltip>
	  <set-function>glade_gtk_widget_set_tooltip</set-function>
	  <get-function>glade_gtk_widget_get_tooltip</get-function>
	</property>

	<property id="extension-events" common="True">
  	  <displayable-values>
	    <value id="GDK_EXTENSION_EVENTS_NONE" name="None"></value>
	    <value id="GDK_EXTENSION_EVENTS_ALL" name="All"></value>
	    <value id="GDK_EXTENSION_EVENTS_CURSOR" name="Cursor"></value>
	  </displayable-values>
	</property>

	<property ignore="True" id="events" common="True">
  	  <displayable-values>
	    <value id="GDK_EXPOSURE_MASK" name="Exposure"></value>
	    <value id="GDK_POINTER_MOTION_MASK" name="Pointer Motion"></value>
	    <value id="GDK_POINTER_MOTION_HINT_MASK" name="Pointer Motion Hint"></value>
	    <value id="GDK_BUTTON_MOTION_MASK" name="Button Motion"></value>
	    <value id="GDK_BUTTON1_MOTION_MASK" name="Button 1 Motion"></value>
	    <value id="GDK_BUTTON2_MOTION_MASK" name="Button 2 Motion"></value>
	    <value id="GDK_BUTTON3_MOTION_MASK" name="Button 3 Motion"></value>
	    <value id="GDK_BUTTON_PRESS_MASK" name="Button Press"></value>
	    <value id="GDK_BUTTON_RELEASE_MASK" name="Button Release"></value>
	    <value id="GDK_KEY_PRESS_MASK" name="Key Press"></value>
	    <value id="GDK_KEY_RELEASE_MASK" name="Key Release"></value>
	    <value id="GDK_ENTER_NOTIFY_MASK" name="Enter Notify"></value>
	    <value id="GDK_LEAVE_NOTIFY_MASK" name="Leave Notify"></value>
	    <value id="GDK_FOCUS_CHANGE_MASK" name="Focus Change"></value>
	    <value id="GDK_STRUCTURE_MASK" name="Structure"></value>
	    <value id="GDK_PROPERTY_CHANGE_MASK" name="Property Change"></value>
	    <value id="GDK_VISIBILITY_NOTIFY_MASK" name="Visibility Notify"></value>
	    <value id="GDK_PROXIMITY_IN_MASK" name="Proximity In"></value>
	    <value id="GDK_PROXIMITY_OUT_MASK" name="Proximity  Out"></value>
	    <value id="GDK_SUBSTRUCTURE_MASK" name="Substructure"></value>
	    <value id="GDK_SCROLL_MASK" name="Scroll"></value>
	    <value id="GDK_ALL_EVENTS_MASK" name="All Events"></value>
	  </displayable-values>
	</property>

	<property id="name" disabled="True"/>
	<property id="parent" disabled="True"/>
	<property id="style" disabled="True"/>
	<property ignore="True" id="sensitive"/>
	<property ignore="True" id="has-default" common="True"/>


	
	<property translatable="True" ignore="True" id="accessible-name" atk-property="True" name="Accessible Name">
	  <tooltip>Object instance's name formatted for assistive technology access</tooltip>
	  <spec>glade_standard_string_spec</spec>
	  <visible-lines>2</visible-lines>
	</property>

	<property translatable="True" ignore="True" id="accessible-description" atk-property="True" name="Accessible Description">
	  <tooltip>Description of an object, formatted for assistive technology access</tooltip>
	  <spec>glade_standard_string_spec</spec>
	  <visible-lines>2</visible-lines>
	</property>
      </properties>

    </glade-widget-class>

    <glade-widget-class name="GtkContainer" title="Container">
      <post-create-function>glade_gtk_container_post_create</post-create-function>
      <children>
	<child>
	  <type>GtkWidget</type>
	  <add-child-function>glade_gtk_container_add_child</add-child-function>
	  <remove-child-function>glade_gtk_container_remove_child</remove-child-function> 
	  <replace-child-function>glade_gtk_container_replace_child</replace-child-function>
	</child>
      </children>
      <properties>
        <property id="resize-mode">
  	  <displayable-values>
	    <value id="GTK_RESIZE_PARENT" name="Parent"></value>
	    <value id="GTK_RESIZE_QUEUE" name="Queue"></value>
	    <value id="GTK_RESIZE_IMMEDIATE" name="Immediate"></value>
	  </displayable-values>
	</property>
	<property id="child" disabled="True"/>
      </properties>
    </glade-widget-class>
    
    <glade-widget-class name="GtkBox" fixed="True" title="Box">
      <post-create-function>glade_gtk_box_post_create</post-create-function>
      <get-internal-child-function>glade_gtk_box_get_internal_child</get-internal-child-function>
      <properties>
	<property save="False" query="True" id="size" default="3" name="Number of items">
	  <spec>glade_standard_int_spec</spec>
	  <tooltip>The number of items in the box</tooltip>
	  <set-function>glade_gtk_box_set_size</set-function>
	  <get-function>glade_gtk_box_get_size</get-function>
	  <verify-function>glade_gtk_box_verify_size</verify-function>
	</property>
      </properties>

      <children>
        <child>
	  <type>GtkWidget</type>
	  <add-child-function>glade_gtk_box_add_child</add-child-function>
	  <remove-child-function>glade_gtk_box_remove_child</remove-child-function>
	  <child-set-property-function>glade_gtk_box_set_child_property</child-set-property-function>
	  <properties>
	    <property weight="0" id="position"/>
	    <property weight="0.5" transfer-on-paste="True" id="padding"/>
	    <property transfer-on-paste="True" id="expand"/>
	    <property transfer-on-paste="True" id="fill"/>
	    <property transfer-on-paste="True" id="pack-type">
	      <displayable-values>
		<value id="GTK_PACK_START" name="Start"></value>
		<value id="GTK_PACK_END" name="End"></value>
	      </displayable-values>
	    </property>
	  </properties>
	</child>
      </children>
    </glade-widget-class>
    
    <glade-widget-class toplevel="True" name="GtkWindow" generic-name="window" title="Window">
      <post-create-function>glade_gtk_window_post_create</post-create-function>

      <properties> 
	<property id="visible" default="False"/>
     	<property id="gravity" common="True">
  	  <displayable-values>
	    <value id="GDK_GRAVITY_NORTH_WEST" name="North West"></value>
	    <value id="GDK_GRAVITY_NORTH" name="North"></value>
	    <value id="GDK_GRAVITY_NORTH_EAST" name="North East"></value>
	    <value id="GDK_GRAVITY_WEST" name="West"></value>
	    <value id="GDK_GRAVITY_CENTER" name="Center"></value>
	    <value id="GDK_GRAVITY_EAST" name="East"></value>
	    <value id="GDK_GRAVITY_SOUTH_WEST" name="South West"></value>
	    <value id="GDK_GRAVITY_SOUTH" name="South"></value>
	    <value id="GDK_GRAVITY_SOUTH_EAST" name="South East"></value>
	    <value id="GDK_GRAVITY_STATIC" name="Static"></value>
	  </displayable-values>
	</property>
	<property ignore="True" id="modal"/>
	<property optional-default="False" optional="True" id="default-width" default="0"/>
	<property optional-default="False" optional="True" id="default-height" default="0"/>
	<property ignore="True" id="type-hint">
  	  <displayable-values>
	    <value id="GDK_WINDOW_TYPE_HINT_NORMAL" name="Normal"></value>
	    <value id="GDK_WINDOW_TYPE_HINT_DIALOG" name="Dialog"></value>
	    <value id="GDK_WINDOW_TYPE_HINT_MENU" name="Menu"></value>
	    <value id="GDK_WINDOW_TYPE_HINT_TOOLBAR" name="Toolbar"></value>
	    <value id="GDK_WINDOW_TYPE_HINT_SPLASHSCREEN" name="Splash Screen"></value>
	    <value id="GDK_WINDOW_TYPE_HINT_UTILITY" name="Utility"></value>
	    <value id="GDK_WINDOW_TYPE_HINT_DOCK" name="Dock"></value>
	    <value id="GDK_WINDOW_TYPE_HINT_DESKTOP" name="Desktop"></value>
	  </displayable-values>
	</property>
	<property ignore="True" id="type">
	  <displayable-values>
	    <value id="GTK_WINDOW_TOPLEVEL" name="Top Level"></value>
	    <value id="GTK_WINDOW_POPUP" name="Popup"></value>
	  </displayable-values>
	</property>
	<property id="allow-shrink" disabled="True"/>
	<property id="allow-grow" disabled="True"/>
	<property id="resize-mode" disabled="True"/>
	<property id="screen" disabled="True"/>
	<property id="role"/>
	<property id="icon-name"/>
	<property ignore="True" id="resizable"/>
	<property ignore="True" id="decorated"/>
	<property translatable="True" ignore="True" id="title"/>
      	<property ignore="True" id="window-position">
  	  <displayable-values>
	    <value id="GTK_WIN_POS_NONE" name="None"></value>
	    <value id="GTK_WIN_POS_CENTER" name="Center"></value>
	    <value id="GTK_WIN_POS_MOUSE" name="Mouse"></value>
	    <value id="GTK_WIN_POS_CENTER_ALWAYS" name="Always Center"></value>
	    <value id="GTK_WIN_POS_CENTER_ON_PARENT" name="Center on Parent"></value>
          </displayable-values>
	</property>
      </properties>
    </glade-widget-class>

    <glade-widget-class name="GtkMenuShell" title="Menu Shell">
      <post-create-function>empty</post-create-function>
      <children>
	<child>
	  <type>GtkMenuItem</type>
  	  <add-child-function>glade_gtk_menu_shell_add_item</add-child-function>
	  <remove-child-function>glade_gtk_menu_shell_remove_item</remove-child-function>
	  <child-set-property-function>glade_gtk_menu_shell_set_child_property</child-set-property-function>
	  <child-get-property-function>glade_gtk_menu_shell_get_child_property</child-get-property-function>
          <properties>
            <property save="False" id="position" default="-1" name="Position">
              <spec>glade_standard_int_spec</spec>
              <tooltip>The position of the menu item in the menu shell</tooltip>
            </property>
          </properties>
	</child>
      </children>
    </glade-widget-class>

    <glade-widget-class name="GtkMenuItem" generic-name="menuitem" title="Menu Item">
      <post-create-function>glade_gtk_menu_item_post_create</post-create-function>
      <properties>
        <property translatable="True" id="label" name="Label">
	  <tooltip>The text of the menu item</tooltip>
          <spec>glade_standard_string_spec</spec>
          <set-function>glade_gtk_menu_item_set_label</set-function>
        </property>
        <property id="use-underline" name="Use Underline">
          <spec>glade_standard_boolean_spec</spec>
          <set-function>glade_gtk_menu_item_set_use_underline</set-function>
        </property>
	
	<property ignore="True" id="atk-click" atk-action="True" name="Click">
	  <tooltip>Set the desctription of the Click atk action</tooltip>
	  <spec>glade_standard_string_spec</spec>
	  <visible-lines>2</visible-lines>
	</property>
	
        <property visible="False" save="False" id="stock-item">
          <spec>glade_gtk_gnome_ui_info_spec</spec>
          <set-function>glade_gtk_menu_item_set_stock_item</set-function>
        </property>
      </properties>
      <children>
	<child>
	  <type>GtkMenu</type>
	  <get-children-function>glade_gtk_menu_item_get_submenu</get-children-function>
	  <add-child-function>glade_gtk_menu_item_add_submenu</add-child-function>
	  <remove-child-function>glade_gtk_menu_item_remove_submenu</remove-child-function>
	</child>
      </children>
    </glade-widget-class>

    <glade-widget-class name="GtkCheckMenuItem" generic-name="checkmenuitem" title="Check Menu Item"></glade-widget-class>

    <glade-widget-class name="GtkRadioMenuItem" generic-name="radiomenuitem" title="Radio Menu Item">
      <properties>
        <property id="draw-as-radio" default="True"/>
	<property visible="False" save="False" id="inconsistent" default="False"/>
	<property id="group" name="Group">
          <set-function>glade_gtk_radio_menu_item_set_group</set-function>
        </property>
      </properties>
    </glade-widget-class>

    <glade-widget-class name="GtkImageMenuItem" generic-name="imagemenuitem" title="Image Menu Item">
      <get-internal-child-function>glade_gtk_image_menu_item_get_internal_child</get-internal-child-function>
      <properties>
        <property visible="False" id="use-stock">
	  <spec>glade_standard_boolean_spec</spec>
	  <set-function>glade_gtk_image_menu_item_set_use_stock</set-function>
        </property>
	<property save="False" id="stock" name="Stock Item">
	  <tooltip>A stock item, select None to choose a custom image and label</tooltip>
	  <spec>glade_standard_stock_spec</spec>
	  <set-function>glade_gtk_image_menu_item_set_stock</set-function>
	</property>
	<property id="image" disabled="True"/>
      </properties>
    </glade-widget-class>

    <glade-widget-class name="GtkSeparatorMenuItem" generic-name="separatormenuitem" title="Separator Menu Item">
      <properties>
        <property visible="False" id="label"/>
        <property visible="False" id="use-underline"/>
      </properties>
    </glade-widget-class>

    <glade-widget-class name="GtkMenuBar" generic-name="menubar" title="Menu Bar">
      <post-create-function>glade_gtk_menu_bar_post_create</post-create-function>
      <launch-editor-function>glade_gtk_menu_bar_launch_editor</launch-editor-function>
      
      <properties>
        <property id="child-pack-direction">
          <displayable-values>
	    <value id="GTK_PACK_DIRECTION_LTR" name="Left to Right"></value>
	    <value id="GTK_PACK_DIRECTION_RTL" name="Right to Left"></value>
	    <value id="GTK_PACK_DIRECTION_TTB" name="Top to Bottom"></value>
	    <value id="GTK_PACK_DIRECTION_BTT" name="Bottom to Top"></value>
	  </displayable-values>
	</property>
        <property id="pack-direction">
          <displayable-values>
	    <value id="GTK_PACK_DIRECTION_LTR" name="Left to Right"></value>
	    <value id="GTK_PACK_DIRECTION_RTL" name="Right to Left"></value>
	    <value id="GTK_PACK_DIRECTION_TTB" name="Top to Bottom"></value>
	    <value id="GTK_PACK_DIRECTION_BTT" name="Bottom to Top"></value>
	  </displayable-values>
	</property>
      </properties>
      <packing-defaults>
	<parent-class name="GtkVBox">
	  <child-property id="expand" default="false"/>
	</parent-class>
      </packing-defaults>
    </glade-widget-class>
      
    <glade-widget-class name="GtkToolbar" generic-name="toolbar" title="Tool Bar">
      <post-create-function>empty</post-create-function>
      <launch-editor-function>glade_gtk_toolbar_launch_editor</launch-editor-function>
      <properties>
	<property id="orientation">
  	  <displayable-values>
	    <value id="GTK_ORIENTATION_HORIZONTAL" name="Horizontal"></value>
	    <value id="GTK_ORIENTATION_VERTICAL" name="Vertical"></value>
	  </displayable-values>
	</property>
      	<property id="toolbar-style">
  	  <displayable-values>
	    <value id="GTK_TOOLBAR_ICONS" name="Icons"></value>
	    <value id="GTK_TOOLBAR_TEXT" name="Text"></value>
	    <value id="GTK_TOOLBAR_BOTH" name="Both"></value>
	    <value id="GTK_TOOLBAR_BOTH_HORIZ" name="Both Horizontal"></value>
	  </displayable-values>
	</property>
      </properties>
      <children>
	<child>
	  <type>GtkToolItem</type>
	  <add-child-function>glade_gtk_toolbar_add_child</add-child-function>
	  <remove-child-function>glade_gtk_toolbar_remove_child</remove-child-function>
	  <child-set-property-function>glade_gtk_toolbar_set_child_property</child-set-property-function>
	  <child-get-property-function>glade_gtk_toolbar_get_child_property</child-get-property-function>
          <properties>
            <property save="False" id="position" default="-1" name="Position">
              <spec>glade_standard_int_spec</spec>
              <tooltip>The position of the tool item in the toolbar</tooltip>
            </property>
	    <property transfer-on-paste="True" id="expand"/>
	    <property transfer-on-paste="True" id="homogeneous"/>
          </properties>
	</child>
      </children>

      <packing-defaults>
	<parent-class name="GtkVBox">
	  <child-property id="expand" default="false"/>
	</parent-class>
      </packing-defaults>
    </glade-widget-class>
    
    <glade-widget-class title="GtkToolItem" name="GtkToolItem" generic-name="toolitem">
      <post-create-function>glade_gtk_tool_item_post_create</post-create-function>
    </glade-widget-class>
    
    <glade-widget-class name="GtkSeparatorToolItem" generic-name="separatortoolitem" title="Separator Tool Item"></glade-widget-class>
	
    <glade-widget-class name="GtkToolButton" generic-name="toolbutton" title="Tool Button">
      <properties>
        <property id="icon-widget" disabled="True"/>
	<property id="label-widget" disabled="True"/>
        <property id="label">
	  <set-function>glade_gtk_tool_button_set_label</set-function>
	</property>
        <property id="icon-name">
	  <set-function>glade_gtk_tool_button_set_icon_name</set-function>
	</property>
	<property visible="False" id="stock-id">
	  <set-function>glade_gtk_tool_button_set_stock_id</set-function>
	</property>
        <property save="False" id="glade-type" name="Image Type">
	  <spec>glade_gtk_image_type_spec</spec>
	  <set-function>glade_gtk_tool_button_set_type</set-function>
	</property>
	<property save="False" id="glade-stock" name="Stock Image">
	  <spec>glade_standard_stock_image_spec</spec>
	  <set-function>glade_gtk_tool_button_set_glade_stock</set-function>
	</property>
	<property id="icon" name="File Name">
	  <spec>glade_standard_pixbuf_spec</spec>
	  <set-function>glade_gtk_tool_button_set_icon</set-function>
	</property>
      </properties>
    </glade-widget-class>
    
    <glade-widget-class name="GtkToggleToolButton" generic-name="toggletoolbutton" title="Toggle Tool Button"></glade-widget-class>
    
    <glade-widget-class name="GtkRadioToolButton" generic-name="radiotoolbutton" title="Radio Tool Button"></glade-widget-class>
    
    <glade-widget-class name="GtkMenuToolButton" generic-name="menutoolbutton" title="Menu Tool Button"></glade-widget-class>
    
    <glade-widget-class name="GtkHandleBox" generic-name="handlebox" title="Handle Box">
      <properties>
      	<property id="handle-position">
  	  <displayable-values>
	    <value id="GTK_POS_LEFT" name="Left"></value>
	    <value id="GTK_POS_RIGHT" name="Right"></value>
	    <value id="GTK_POS_TOP" name="Top"></value>
	    <value id="GTK_POS_BOTTOM" name="Bottom"></value>
	  </displayable-values>
	</property>
	<property id="shadow" disabled="True"/>
      	<property id="shadow-type">
  	  <displayable-values>
	    <value id="GTK_SHADOW_NONE" name="None"></value>
	    <value id="GTK_SHADOW_IN" name="In"></value>
	    <value id="GTK_SHADOW_OUT" name="Out"></value>
	    <value id="GTK_SHADOW_ETCHED_IN" name="Etched In"></value>
	    <value id="GTK_SHADOW_ETCHED_OUT" name="Etched Out"></value>
	  </displayable-values>
	</property>
      	<property id="snap-edge">
  	  <displayable-values>
	    <value id="GTK_POS_LEFT" name="Left"></value>
	    <value id="GTK_POS_RIGHT" name="Right"></value>
	    <value id="GTK_POS_TOP" name="Top"></value>
	    <value id="GTK_POS_BOTTOM" name="Bottom"></value>
	  </displayable-values>
	</property>
      </properties>
    </glade-widget-class>

    <glade-widget-class name="GtkLabel" generic-name="label" title="Label">
      <properties>
        <property ignore="True" id="selectable"/>
	<property id="pattern" default=""/>
	<property id="max-width-chars" name="Maximun Width"></property>
      	<property translatable="True" id="label" default="label">
            <visible-lines>2</visible-lines>
	    <set-function>glade_gtk_label_set_label</set-function>
        </property>
      	<property id="justify">
  	  <displayable-values>
	    <value id="GTK_JUSTIFY_LEFT" name="Left"></value>
	    <value id="GTK_JUSTIFY_RIGHT" name="Right"></value>
	    <value id="GTK_JUSTIFY_CENTER" name="Center"></value>
	    <value id="GTK_JUSTIFY_FILL" name="Fill"></value>
	  </displayable-values>
	</property>
      	<property id="ellipsize">
  	  <displayable-values>
	    <value id="PANGO_ELLIPSIZE_NONE" name="None"></value>
	    <value id="PANGO_ELLIPSIZE_START" name="Start"></value>
	    <value id="PANGO_ELLIPSIZE_MIDDLE" name="Middle"></value>
	    <value id="PANGO_ELLIPSIZE_END" name="End"></value>
	  </displayable-values>
	</property>
      </properties>
    </glade-widget-class>

    <glade-widget-class name="GtkEntry" generic-name="entry" title="Text Entry">
      <post-create-function>glade_gtk_entry_post_create</post-create-function>
      <properties>
	<property translatable="True" id="text"/>

	
	<property ignore="True" id="atk-activate" atk-action="True" name="Activate">
	  <tooltip>Set the desctription of the Activate atk action</tooltip>
	  <spec>glade_standard_string_spec</spec>
	  <visible-lines>2</visible-lines>
	</property>
      </properties>
    </glade-widget-class>

    <glade-widget-class name="GtkTextView" generic-name="textview" title="Text View">
      <post-create-function>glade_gtk_text_view_post_create</post-create-function>
      <properties>
	
	<property translatable="True" id="text" name="Text">
	  <tooltip>Set the text in the view's text buffer</tooltip>
	  <spec>glade_standard_string_spec</spec>
	  <visible-lines>2</visible-lines>
	  <set-function>glade_gtk_text_view_set_text</set-function>
	</property>
	<property id="justification">
  	  <displayable-values>
	    <value id="GTK_JUSTIFY_LEFT" name="Left"></value>
	    <value id="GTK_JUSTIFY_RIGHT" name="Right"></value>
	    <value id="GTK_JUSTIFY_CENTER" name="Center"></value>
	    <value id="GTK_JUSTIFY_FILL" name="Fill"></value>
	  </displayable-values>
	</property>
      	<property id="wrap-mode">
  	  <displayable-values>
	    <value id="GTK_WRAP_NONE" name="None"></value>
	    <value id="GTK_WRAP_CHAR" name="Character"></value>
	    <value id="GTK_WRAP_WORD" name="Word"></value>
	    <value id="GTK_WRAP_WORD_CHAR" name="Word Character"></value>
	  </displayable-values>
	</property>
	<property id="buffer" disabled="True"/>
      </properties>
    </glade-widget-class>

    <glade-widget-class name="GtkButton" generic-name="button" title="Button">
      <post-create-function>glade_gtk_button_post_create</post-create-function>
      <properties>
	<property id="image" disabled="True"/>
	<property visible="False" id="use-stock"/>

      	<property translatable="True" id="label" default="button">
            <visible-lines>2</visible-lines>
	</property>

	<property weight="1.5" id="use-underline"/>

	<property weight="1.6" save="False" id="stock" name="Stock Button">
	  <spec>glade_standard_stock_spec</spec>
	  <tooltip>The stock item for this button</tooltip>
	  <set-function>glade_gtk_button_set_stock</set-function>
	</property>

	<property weight="0" save="False" id="glade-type" name="Edit Type">
	  <spec>glade_gtk_button_type_spec</spec>
	  <set-function>glade_gtk_button_set_type</set-function>
	</property>

	<property ignore="True" id="response-id" default="0" common="False" name="Response ID">
	  <spec>glade_standard_int_spec</spec>
	  <tooltip>The response ID of this button in a dialog (it's NOT useful if this button is not in a GtkDialog)</tooltip>
	</property>

      	<property id="relief">
  	  <displayable-values>
	    <value id="GTK_RELIEF_NORMAL" name="Normal"></value>
	    <value id="GTK_RELIEF_HALF" name="Half"></value>
	    <value id="GTK_RELIEF_NONE" name="None"></value>
	  </displayable-values>
	</property>

	
	<property ignore="True" id="atk-click" atk-action="True" name="Click">
	  <tooltip>Set the desctription of the Click atk action</tooltip>
	  <spec>glade_standard_string_spec</spec>
	  <visible-lines>2</visible-lines>
	</property>

	
	<property ignore="True" id="atk-press" atk-action="True" name="Press">
	  <tooltip>Set the desctription of the Press atk action</tooltip>
	  <spec>glade_standard_string_spec</spec>
	  <visible-lines>2</visible-lines>
	</property>

	
	<property ignore="True" id="atk-release" atk-action="True" name="Release">
	  <tooltip>Set the desctription of the Release atk action</tooltip>
	  <spec>glade_standard_string_spec</spec>
	  <visible-lines>2</visible-lines>
	</property>
      </properties>

      <children>
	<child>
	  <type>GtkWidget</type>
	  <add-child-function>glade_gtk_button_add_child</add-child-function>
	  <remove-child-function>glade_gtk_button_remove_child</remove-child-function>
	  <replace-child-function>glade_gtk_button_replace_child</replace-child-function>
	</child>
      </children>
    </glade-widget-class>
  
    <glade-widget-class name="GtkToggleButton" generic-name="togglebutton" title="Toggle Button">
      <properties>
      	<property id="label" default="togglebutton"/>
      </properties>
    </glade-widget-class>

    <glade-widget-class name="GtkCheckButton" generic-name="checkbutton" title="Check Button">
      <properties>
      	<property id="label" default="checkbutton"/>
	<property id="draw-indicator" default="True"/>
      </properties>
    </glade-widget-class>

    <glade-widget-class name="GtkSpinButton" generic-name="spinbutton" title="Spin Button">
      <post-create-function>empty</post-create-function>
      <properties>
        <property id="text" disabled="True"/>
        <property id="value" disabled="True"/>
	<property id="can-focus" default="True"/>
        <property id="adjustment" default="0 0 100 1 10 10">
	  <set-function>glade_gtk_spin_button_set_adjustment</set-function>
	</property>
        <property id="update-policy">
  	  <displayable-values>
	    <value id="GTK_UPDATE_ALWAYS" name="Always"></value>
	    <value id="GTK_UPDATE_IF_VALID" name="If Valid"></value>
	  </displayable-values>
	</property>
      </properties>
    </glade-widget-class>

    <glade-widget-class name="GtkRadioButton" generic-name="radiobutton" title="Radio Button">
      <properties>
      	<property id="label" default="radiobutton"/>
	<property id="draw-indicator" default="True"/>
      </properties>
    </glade-widget-class>

    <glade-widget-class name="GtkFileChooserButton" generic-name="filechooserbutton" title="File Chooser Button">
      <properties>
	<property translatable="True" id="title"/>
	<property id="size" disabled="True"/>
	<property id="dialog" disabled="True"/>
        <property id="action">
  	  <displayable-values>
	    <value id="GTK_FILE_CHOOSER_ACTION_SAVE" name="Save"></value>
	    <value id="GTK_FILE_CHOOSER_ACTION_OPEN" name="Open"></value>
	    <value id="GTK_FILE_CHOOSER_ACTION_SELECT_FOLDER" name="Select Folder"></value>
	    <value id="GTK_FILE_CHOOSER_ACTION_CREATE_FOLDER" name="Create Folder"></value>
	  </displayable-values>
        </property>
	<property id="extra-widget" disabled="True"/>
	<property id="preview-widget" disabled="True"/>
	<property id="filter" disabled="True"/>
      </properties>
    </glade-widget-class>

    <glade-widget-class name="GtkColorButton" generic-name="colorbutton" title="Color Button">
      <properties>
	<property translatable="True" id="title"/>
	<property id="color" default="Black"/>

	
	<property id="glade-type" disabled="True"/>
	<property id="label" disabled="True"/>
	<property id="use-underline" disabled="True"/>
	<property id="stock" disabled="True"/>
      </properties>
    </glade-widget-class>

    <glade-widget-class name="GtkFontButton" generic-name="fontbutton" title="Font Button">
      <properties>
	<property translatable="True" id="title"/>

	
	<property id="glade-type" disabled="True"/>
	<property id="label" disabled="True"/>
	<property id="use-underline" disabled="True"/>
	<property id="stock" disabled="True"/>
      </properties>
    </glade-widget-class>

    <glade-widget-class name="GtkComboBox" generic-name="combobox" title="Combo Box">
      <post-create-function>glade_gtk_combo_box_post_create</post-create-function>
      <properties>
        <property ignore="True" id="active"/>
        <property ignore="True" id="column-span-column"/>
        <property ignore="True" id="row-span-column"/>
	<property translatable="True" id="items" name="Items">
	  <spec>glade_standard_strv_spec</spec>
	  <tooltip>The items in this combo box</tooltip>
	  <set-function>glade_gtk_combo_box_set_items</set-function>
	</property>

	
	<property ignore="True" id="atk-press" atk-action="True" name="Press">
	  <tooltip>Set the desctription of the Press atk action</tooltip>
	  <spec>glade_standard_string_spec</spec>
	  <visible-lines>2</visible-lines>
	</property>
      </properties>
    </glade-widget-class>

    <glade-widget-class name="GtkComboBoxEntry" generic-name="comboboxentry" title="Combo Box Entry">
      <post-create-function>glade_gtk_combo_box_entry_post_create</post-create-function>
      <get-internal-child-function>glade_gtk_combo_box_entry_get_internal_child</get-internal-child-function>
    </glade-widget-class>

    <glade-widget-class name="GtkTreeView" generic-name="treeview" title="Tree View">
      <post-create-function>glade_gtk_tree_view_post_create</post-create-function>
      <properties>
        <property ignore="True" id="enable-grid-lines">
  	  <displayable-values>
	    <value id="GTK_TREE_VIEW_GRID_LINES_NONE" name="None"></value>
	    <value id="GTK_TREE_VIEW_GRID_LINES_HORIZONTAL" name="Horizontal"></value>
	    <value id="GTK_TREE_VIEW_GRID_LINES_VERTICAL" name="Vertical"></value>
	    <value id="GTK_TREE_VIEW_GRID_LINES_BOTH" name="Horizontal and Vertical"></value>
	  </displayable-values>
	</property>
        <property id="hadjustment" disabled="True"/>
	<property id="vadjustment" disabled="True"/>
      </properties>
    </glade-widget-class>

    <glade-widget-class name="GtkIconView" generic-name="iconview" title="Icon View"></glade-widget-class>

    <glade-widget-class name="GtkProgressBar" generic-name="progressbar" title="Progress Bar">
      <properties>
        <property translatable="True" id="text"/>
        <property id="activity-blocks" disabled="True"/>
	<property id="activity-step" disabled="True"/>
	<property id="adjustment" disabled="True"/>
	<property id="bar-style" disabled="True"/>
       	<property id="orientation">
  	  <displayable-values>
	    <value id="GTK_PROGRESS_LEFT_TO_RIGHT" name="Left to Right"></value>
	    <value id="GTK_PROGRESS_RIGHT_TO_LEFT" name="Right to Left"></value>
	    <value id="GTK_PROGRESS_BOTTOM_TO_TOP" name="Bottom to Top"></value>
	    <value id="GTK_PROGRESS_TOP_TO_BOTTOM" name="Top to Bottom"></value>
	  </displayable-values>
	</property>
      	<property id="ellipsize">
  	  <displayable-values>
	    <value id="PANGO_ELLIPSIZE_NONE" name="None"></value>
	    <value id="PANGO_ELLIPSIZE_START" name="Start"></value>
	    <value id="PANGO_ELLIPSIZE_MIDDLE" name="Middle"></value>
	    <value id="PANGO_ELLIPSIZE_END" name="End"></value>
	  </displayable-values>
	</property>
       	<property id="bar-style">
  	  <displayable-values>
	    <value id="GTK_PROGRESS_CONTINUOUS" name="Continuous"></value>
	    <value id="GTK_PROGRESS_DISCRETE" name="Discrete"></value>
	  </displayable-values>
	</property>
      </properties>
    </glade-widget-class>

    <glade-widget-class name="GtkImage" generic-name="image" title="Image">
      <post-create-function>glade_gtk_image_post_create</post-create-function>
      <properties>
	<property visible="False" id="stock" default="gtk-missing-image">
	  <set-function>glade_gtk_image_set_stock</set-function>
	</property>
	<property weight="0" save="False" id="glade-type" name="Edit Type">
	  <spec>glade_gtk_image_type_spec</spec>
	  <set-function>glade_gtk_image_set_type</set-function>
	</property>
	<property id="pixbuf-animation" disabled="True"/>
	<property id="file" disabled="True"/>
	<property id="pixmap" disabled="True"/>
	<property id="image" disabled="True"/>
	<property id="mask" disabled="True"/>
	<property id="pixbuf" name="File Name"></property>
	<property weight="1.5" save="False" id="glade-stock" default="gtk-missing-image" name="Stock Image">
	  <tooltip>A builtin stock image</tooltip>
	  <spec>glade_standard_stock_image_spec</spec>
	  <tooltip>The stock item for this image</tooltip>
	  <set-function>glade_gtk_image_set_glade_stock</set-function>
	</property>
	<property weight="1.6" id="icon-name" name="Icon Name">
	  <set-function>glade_gtk_image_set_icon_name</set-function>
	</property>
      </properties>
    </glade-widget-class>

    <glade-widget-class name="GtkDialog" generic-name="dialog" title="Dialog Box">
      <post-create-function>glade_gtk_dialog_post_create</post-create-function>
      <get-internal-child-function>glade_gtk_dialog_get_internal_child</get-internal-child-function>
      <properties>
	<property optional-default="False" optional="True" id="default-width" default="0"/>
	<property optional-default="False" optional="True" id="default-height" default="0"/>
	<property id="has-separator" default="False"/>
      </properties>

      <children>
	<child>
	  <type>GtkWidget</type>

	  
	  <get-children-function>glade_gtk_dialog_get_children</get-children-function>

	  
	  
	  
	  
	  
	</child>
      </children>
    </glade-widget-class>

    <glade-widget-class name="GtkHBox" generic-name="hbox" title="Horizontal Box"></glade-widget-class>
    <glade-widget-class name="GtkVBox" generic-name="vbox" title="Vertical Box"></glade-widget-class>

    <glade-widget-class name="GtkTable" generic-name="table" fixed="True" title="Table">
      <post-create-function>glade_gtk_table_post_create</post-create-function>
      <properties>
	<property query="True" id="n-rows" default="3">
	  <set-function>glade_gtk_table_set_n_rows</set-function>
	  <verify-function>glade_gtk_table_verify_n_rows</verify-function>
	</property>
	<property query="True" id="n-columns" default="3">
	  <set-function>glade_gtk_table_set_n_columns</set-function>
	  <verify-function>glade_gtk_table_verify_n_columns</verify-function>
	</property>
      </properties>
      
      <children>
	<child>
	  <type>GtkWidget</type>
	  <child-set-property-function>glade_gtk_table_set_child_property</child-set-property-function>
  	  <add-child-function>glade_gtk_table_add_child</add-child-function>
	  <remove-child-function>glade_gtk_table_remove_child</remove-child-function>
	  <replace-child-function>glade_gtk_table_replace_child</replace-child-function>
	  <properties>
	    <property transfer-on-paste="True" id="x-options">
	      <displayable-values>
		<value id="GTK_EXPAND" name="Expand"></value>
		<value id="GTK_SHRINK" name="Shrink"></value>
		<value id="GTK_FILL" name="Fill"></value>
	      </displayable-values>
	    </property>
	    <property transfer-on-paste="True" id="y-options">
	      <displayable-values>
		<value id="GTK_EXPAND" name="Expand"></value>
		<value id="GTK_SHRINK" name="Shrink"></value>
		<value id="GTK_FILL" name="Fill"></value>
	      </displayable-values>
	    </property>
	    <property transfer-on-paste="True" id="x-padding"/>
	    <property transfer-on-paste="True" id="y-padding"/>
    	    <property id="right-attach">
	      <verify-function>glade_gtk_table_verify_right_attach</verify-function>
	    </property>
	    <property id="left-attach">
	      <verify-function>glade_gtk_table_verify_left_attach</verify-function>
	    </property>
	    <property id="bottom-attach">
	      <verify-function>glade_gtk_table_verify_bottom_attach</verify-function>
	    </property>
    	    <property id="top-attach">
	      <verify-function>glade_gtk_table_verify_top_attach</verify-function>
	    </property>
	  </properties>
	</child>
      </children>
    </glade-widget-class>

    <glade-widget-class name="GtkPaned" title="Paned">
      <post-create-function>glade_gtk_paned_post_create</post-create-function>
      <children>
	<child>
	  <type>GtkWidget</type>
	  <add-child-function>glade_gtk_paned_add_child</add-child-function>
	  <remove-child-function>glade_gtk_paned_remove_child</remove-child-function>
	  <child-set-property-function>glade_gtk_paned_set_child_property</child-set-property-function>
	  <child-get-property-function>glade_gtk_paned_get_child_property</child-get-property-function>
          <properties>
            <property transfer-on-paste="True" id="resize"/>
            <property transfer-on-paste="True" id="shrink"/>
	    
	    <property visible="False" save="False" id="first">
	      <spec>glade_standard_boolean_spec</spec>
	    </property>
          </properties>
	</child>
      </children>
    </glade-widget-class>

    <glade-widget-class name="GtkHPaned" generic-name="hpaned" title="Horizontal Panes"></glade-widget-class>

    <glade-widget-class name="GtkVPaned" generic-name="vpaned" title="Vertical Panes"></glade-widget-class>
  
    <glade-widget-class name="GtkNotebook" generic-name="notebook" title="Notebook">
      <post-create-function>glade_gtk_notebook_post_create</post-create-function>
      <properties>
	<property save="False" id="page">
	  <tooltip>Set the current page (strictly for editing purposes)</tooltip>
	</property>

	<property save="False" query="True" id="pages" default="3" name="Number of pages">
	  <spec>glade_standard_int_spec</spec>
	  <tooltip>The number of pages in the notebook</tooltip>
	  <set-function>glade_gtk_notebook_set_n_pages</set-function>
	  <verify-function>glade_gtk_notebook_verify_n_pages</verify-function>
	</property>
      	<property id="tab-pos">
  	  <displayable-values>
	    <value id="GTK_POS_LEFT" name="Left"></value>
	    <value id="GTK_POS_RIGHT" name="Right"></value>
	    <value id="GTK_POS_TOP" name="Top"></value>
	    <value id="GTK_POS_BOTTOM" name="Bottom"></value>
	  </displayable-values>
	</property>
      </properties>

      <children>
	<child>
	  <type>GtkWidget</type>
	  <special-child-type>type</special-child-type>
	  <add-child-function>glade_gtk_notebook_add_child</add-child-function>
	  <remove-child-function>glade_gtk_notebook_remove_child</remove-child-function>
	  <replace-child-function>glade_gtk_notebook_replace_child</replace-child-function>
	  <child-set-property-function>glade_gtk_notebook_set_child_property</child-set-property-function>
	  <child-get-property-function>glade_gtk_notebook_get_child_property</child-get-property-function>
	  <properties>
	    <property id="tab-label" disabled="True"/>
	    <property id="tab-pack">
	      <displayable-values>
		<value id="GTK_PACK_START" name="Start"></value>
		<value id="GTK_PACK_END" name="End"></value>
	      </displayable-values>
	    </property>	    
	    <property id="position">
	      <verify-function>glade_gtk_notebook_verify_position</verify-function>
	    </property>
	  </properties>
	</child>
      </children>
    </glade-widget-class>


    <glade-widget-class name="GtkAlignment" generic-name="alignment" title="Alignment"></glade-widget-class>

    <glade-widget-class name="GtkFrame" generic-name="frame" title="Frame">
      <post-create-function>glade_gtk_frame_post_create</post-create-function>
      <properties>
	<property id="label" disabled="True"/>
	<property id="shadow" disabled="True"/>
	<property id="label-widget" disabled="True"/>
	<property id="label-xalign" default="0.0"/>
      	<property id="shadow-type" default="GTK_SHADOW_NONE">
  	  <displayable-values>
	    <value id="GTK_SHADOW_NONE" name="None"></value>
	    <value id="GTK_SHADOW_IN" name="In"></value>
	    <value id="GTK_SHADOW_OUT" name="Out"></value>
	    <value id="GTK_SHADOW_ETCHED_IN" name="Etched In"></value>
	    <value id="GTK_SHADOW_ETCHED_OUT" name="Etched Out"></value>
	  </displayable-values>
	</property>
      </properties>
      <children>
	<child>
	  <type>GtkWidget</type>
	  <special-child-type>type</special-child-type>
	  <add-child-function>glade_gtk_frame_add_child</add-child-function>
	  <replace-child-function>glade_gtk_frame_replace_child</replace-child-function>
	</child>
      </children>
    </glade-widget-class>

    <glade-widget-class name="GtkAspectFrame" generic-name="aspectframe" title="Aspect Frame"></glade-widget-class>

    <glade-widget-class name="GtkRange" title="Range">
      <properties>
        <property id="adjustment" default="0 0 100 1 10 10"/>
      	<property id="update-policy">
  	  <displayable-values>
	    <value id="GTK_UPDATE_CONTINUOUS" name="Continuous"></value>
	    <value id="GTK_UPDATE_DISCONTINUOUS" name="Discontinuous"></value>
	    <value id="GTK_UPDATE_DELAYED" name="Delayed"></value>
	  </displayable-values>
	</property>
      </properties>
    </glade-widget-class>
    
    <glade-widget-class name="GtkScale" title="Scale">
      <properties>
      	<property id="value-pos">
  	  <displayable-values>
            <value id="GTK_POS_LEFT" name="Left"></value>
            <value id="GTK_POS_RIGHT" name="Right"></value>
            <value id="GTK_POS_TOP" name="Top"></value>
            <value id="GTK_POS_BOTTOM" name="Bottom"></value>
	  </displayable-values>
	</property>
      </properties>
    </glade-widget-class>
    <glade-widget-class name="GtkHScale" generic-name="hscale" title="Horizontal Scale"></glade-widget-class>
    
    <glade-widget-class name="GtkVScale" generic-name="vscale" title="Vertical Scale"></glade-widget-class>

    <glade-widget-class name="GtkCalendar" generic-name="calendar" title="Calendar"></glade-widget-class>
    
    <glade-widget-class toplevel="True" name="GtkMenu" generic-name="menu" title="Popup Menu">
      
      <post-create-function>empty</post-create-function>
      <launch-editor-function>glade_gtk_menu_launch_editor</launch-editor-function>
   </glade-widget-class>
    
    <glade-widget-class name="GtkHScrollbar" generic-name="hscrollbar" title="Horizontal Scrollbar"></glade-widget-class>

    <glade-widget-class name="GtkVScrollbar" generic-name="vscrollbar" title="Vertical Scrollbar"></glade-widget-class>

    <glade-widget-class name="GtkButtonBox" title="Button Box">
      <properties>
      	<property id="layout-style">
  	  <displayable-values>
            <value id="GTK_BUTTONBOX_DEFAULT_STYLE" name="Default"></value>
	    <value id="GTK_BUTTONBOX_SPREAD" name="Spread"></value>
	    <value id="GTK_BUTTONBOX_EDGE" name="Edge"></value>
	    <value id="GTK_BUTTONBOX_START" name="Start"></value>
	    <value id="GTK_BUTTONBOX_END" name="End"></value>
	  </displayable-values>
	</property>
      </properties>
    </glade-widget-class>
    
    <glade-widget-class name="GtkHButtonBox" generic-name="hbuttonbox" title="Horizontal Button Box"></glade-widget-class>

    <glade-widget-class name="GtkVButtonBox" generic-name="vbuttonbox" title="Vertical Button Box"></glade-widget-class>

    <glade-widget-class name="GtkHSeparator" generic-name="hseparator" title="Horizontal Separator">
      
      <packing-defaults>
	<parent-class name="GtkVBox">
	  <child-property id="expand" default="false"/>
	</parent-class>
      </packing-defaults>

    </glade-widget-class>

    <glade-widget-class name="GtkVSeparator" generic-name="vseparator" title="Vertical Separator">
      <packing-defaults>
	<parent-class name="GtkHBox">
	  <child-property id="expand" default="false"/>
	</parent-class>
      </packing-defaults>
    </glade-widget-class>
    <glade-widget-class name="GtkStatusbar" generic-name="statusbar" title="Status Bar">
      <properties>
	<property id="size" disabled="True"/>
      </properties>
      <packing-defaults>
	<parent-class name="GtkVBox">
	  <child-property id="expand" default="false"/>
	</parent-class>
      </packing-defaults>
    </glade-widget-class>

    <glade-widget-class name="GtkAccelLabel" generic-name="accellabel" title="Accel Label"></glade-widget-class>

    <glade-widget-class name="GtkArrow" generic-name="arrow" title="Arrow">
      <properties>
      	<property id="arrow-type">
  	  <displayable-values>
	    <value id="GTK_ARROW_UP" name="Up"></value>
	    <value id="GTK_ARROW_DOWN" name="Down"></value>
	    <value id="GTK_ARROW_LEFT" name="Left"></value>
	    <value id="GTK_ARROW_RIGHT" name="Right"></value>
	  </displayable-values>
	</property>
      	<property id="shadow-type">
  	  <displayable-values>
	    <value id="GTK_SHADOW_NONE" name="None"></value>
	    <value id="GTK_SHADOW_IN" name="In"></value>
	    <value id="GTK_SHADOW_OUT" name="Out"></value>
	    <value id="GTK_SHADOW_ETCHED_IN" name="Etched In"></value>
	    <value id="GTK_SHADOW_ETCHED_OUT" name="Etched Out"></value>
	  </displayable-values>
	</property>
      </properties>
    </glade-widget-class>
    
    <glade-widget-class name="GtkLayout" generic-name="layout" fixed="True" title="Layout">
      <post-create-function>glade_gtk_fixed_layout_post_create</post-create-function>
      <properties>
        <property id="hadjustment" disabled="True"/>
	<property id="vadjustment" disabled="True"/>
      </properties>
      <children>
        
	<child>
	  <type>GtkWidget</type>
	  <add-child-function>gtk_container_add</add-child-function>
	  <remove-child-function>gtk_container_remove</remove-child-function> 
	</child>
      </children>
    </glade-widget-class>
    
    <glade-widget-class name="GtkFixed" generic-name="fixed" fixed="True" title="Fixed">
      <post-create-function>glade_gtk_fixed_layout_post_create</post-create-function>
      <children>
        
	<child>
	  <type>GtkWidget</type>
	  <add-child-function>gtk_container_add</add-child-function>
	  <remove-child-function>gtk_container_remove</remove-child-function> 
	</child>
      </children>
    </glade-widget-class>
    
    <glade-widget-class name="GtkDrawingArea" generic-name="drawingarea" title="Drawing Area"></glade-widget-class>

    <glade-widget-class name="GtkEventBox" generic-name="eventbox" title="Event Box"></glade-widget-class>

    <glade-widget-class name="GtkExpander" generic-name="expander" title="Expander">
      <post-create-function>glade_gtk_expander_post_create</post-create-function>
      <properties>
	<property visible="False" id="label"/>
	<property id="label-widget" disabled="True"/>

	
	<property ignore="True" id="atk-activate" atk-action="True" name="Activate">
	  <tooltip>Set the desctription of the Activate atk action</tooltip>
	  <spec>glade_standard_string_spec</spec>
	  <visible-lines>2</visible-lines>
	</property>
      </properties>
      <children>
	<child>
	  <type>GtkWidget</type>
	  <special-child-type>type</special-child-type>
	  <add-child-function>glade_gtk_expander_add_child</add-child-function>
	  <remove-child-function>glade_gtk_expander_remove_child</remove-child-function>
	  <replace-child-function>glade_gtk_expander_replace_child</replace-child-function>
	</child>
      </children>
    </glade-widget-class>

    
    <glade-widget-class name="GtkViewport" generic-name="viewport" title="Viewport">
      <properties>
        <property id="hadjustment" disabled="True"/>
	<property id="vadjustment" disabled="True"/>
      	<property id="shadow-type">
  	  <displayable-values>
	    <value id="GTK_SHADOW_NONE" name="None"></value>
	    <value id="GTK_SHADOW_IN" name="In"></value>
	    <value id="GTK_SHADOW_OUT" name="Out"></value>
	    <value id="GTK_SHADOW_ETCHED_IN" name="Etched In"></value>
	    <value id="GTK_SHADOW_ETCHED_OUT" name="Etched Out"></value>
	  </displayable-values>
	</property>
      </properties>
    </glade-widget-class>
    
    <glade-widget-class name="GtkScrolledWindow" generic-name="scrolledwindow" title="Scrolled Window">
      <properties>
        <property id="hadjustment" disabled="True"/>
	<property id="vadjustment" disabled="True"/>
      	<property id="shadow-type">
  	  <displayable-values>
	    <value id="GTK_SHADOW_NONE" name="None"></value>
	    <value id="GTK_SHADOW_IN" name="In"></value>
	    <value id="GTK_SHADOW_OUT" name="Out"></value>
	    <value id="GTK_SHADOW_ETCHED_IN" name="Etched In"></value>
	    <value id="GTK_SHADOW_ETCHED_OUT" name="Etched Out"></value>
	  </displayable-values>
	</property>
      	<property id="hscrollbar-policy" default="GTK_POLICY_AUTOMATIC">
  	  <displayable-values>
	    <value id="GTK_POLICY_ALWAYS" name="Always"></value>
	    <value id="GTK_POLICY_AUTOMATIC" name="Automatic"></value>
	    <value id="GTK_POLICY_NEVER" name="Never"></value>
	  </displayable-values>
	</property>
      	<property id="vscrollbar-policy" default="GTK_POLICY_AUTOMATIC">
  	  <displayable-values>
	    <value id="GTK_POLICY_ALWAYS" name="Always"></value>
	    <value id="GTK_POLICY_AUTOMATIC" name="Automatic"></value>
	    <value id="GTK_POLICY_NEVER" name="Never"></value>
	  </displayable-values>
	</property>
      	<property id="window-placement">
  	  <displayable-values>
	    <value id="GTK_CORNER_TOP_LEFT" name="Top Left"></value>
	    <value id="GTK_CORNER_BOTTOM_LEFT" name="Bottom Left"></value>
	    <value id="GTK_CORNER_TOP_RIGHT" name="Top Right"></value>
	    <value id="GTK_CORNER_BOTTOM_RIGHT" name="Bottom Right"></value>
	  </displayable-values>
	</property>
      </properties> 
    </glade-widget-class>

    
    
   <glade-widget-class name="GtkAboutDialog" generic-name="aboutdialog" title="About Dialog">
      <properties>
	<property translatable="True" id="copyright">
	  <visible-lines>2</visible-lines>
	</property>
	<property translatable="True" id="comments">
	  <visible-lines>2</visible-lines>
	</property>
	<property translatable="True" id="license">
	  <visible-lines>2</visible-lines>
	</property>
	<property translatable="True" id="website-label">
	  <visible-lines>2</visible-lines>
	</property>
	
	
	<property translatable="True" id="translator-credits">
	  <tooltip>You can mark this as translatable and set one name/address if you want to show a translation specific translator, otherwise you should list all translators and unmark this string for translation</tooltip>
	  <visible-lines>2</visible-lines>
	</property>
      </properties>
   </glade-widget-class>

   <glade-widget-class name="GtkColorSelectionDialog" generic-name="colorselectiondialog" title="Color Selection Dialog"></glade-widget-class>
    
    <glade-widget-class name="GtkFileChooserDialog" generic-name="filechooserdialog" title="File Chooser Dialog">
      <properties>
	<property id="action">
  	  <displayable-values>
	    <value id="GTK_FILE_CHOOSER_ACTION_OPEN" name="Open"></value>
	    <value id="GTK_FILE_CHOOSER_ACTION_SAVE" name="Save"></value>
	    <value id="GTK_FILE_CHOOSER_ACTION_SELECT_FOLDER" name="Select Folder"></value>
	    <value id="GTK_FILE_CHOOSER_ACTION_CREATE_FOLDER" name="Create Folder"></value>
	  </displayable-values>
	</property>
	<property id="extra-widget" disabled="True"/>
	<property id="preview-widget" disabled="True"/>
	<property id="filter" disabled="True"/>
      </properties>
    </glade-widget-class>
    
    <glade-widget-class name="GtkFontSelectionDialog" generic-name="fontselectiondialog" title="Font Selection Dialog"></glade-widget-class>
   
    <glade-widget-class name="GtkInputDialog" generic-name="inputdialog" title="Input Dialog"></glade-widget-class>
    
    <glade-widget-class name="GtkMessageDialog" generic-name="messagedialog" title="Message Dialog">
      <properties>
	<property optional-default="False" optional="True" id="default-width" default="0"/>
	<property optional-default="False" optional="True" id="default-height" default="0"/>

	<property id="sensitive" common="True"/>
	<property id="can-default" common="True"/>
	<property id="has-default" common="True"/>
	<property id="can-focus" common="True"/>
	<property id="message-type">
  	  <displayable-values>
	    <value id="GTK_MESSAGE_INFO" name="Info"></value>
	    <value id="GTK_MESSAGE_WARNING" name="Warning"></value>
	    <value id="GTK_MESSAGE_QUESTION" name="Question"></value>
	    <value id="GTK_MESSAGE_ERROR" name="Error"></value>
	  </displayable-values>
	</property>
	<property id="buttons">
  	  <displayable-values>
	    <value id="GTK_BUTTONS_NONE" name="None"></value>
	    <value id="GTK_BUTTONS_OK" name="Ok"></value>
	    <value id="GTK_BUTTONS_CLOSE" name="Close"></value>
	    <value id="GTK_BUTTONS_CANCEL" name="Cancel"></value>
	    <value id="GTK_BUTTONS_YES_NO" name="Yes, No"></value>
	    <value id="GTK_BUTTONS_OK_CANCEL" name="Ok, Cancel"></value>
	  </displayable-values>
	</property>
      </properties>
    </glade-widget-class>

    <glade-widget-class name="GtkRuler" generic-name="ruler" title="Ruler">
      <properties>
	<property id="upper" default="10.0"/>
	<property id="position" default="5.0"/>
	<property id="max-size" default="10.0"/>
      </properties>
    </glade-widget-class>

    <glade-widget-class name="GtkHRuler" generic-name="hruler" title="Horizontal Ruler"></glade-widget-class>
    
    <glade-widget-class name="GtkVRuler" generic-name="vruler" title="Vertical Ruler"></glade-widget-class>

    <glade-widget-class name="GtkCombo" generic-name="combo" title="Combo">
      <post-create-function>glade_gtk_combo_post_create</post-create-function>
      <get-internal-child-function>glade_gtk_combo_get_internal_child</get-internal-child-function>
      <properties>
	<property id="size" disabled="True"/>

	
	<property ignore="True" id="atk-press" atk-action="True" name="Press">
	  <tooltip>Set the desctription of the Press atk action</tooltip>
	  <spec>glade_standard_string_spec</spec>
	  <visible-lines>2</visible-lines>
	</property>
      </properties>

      <children>
	<child>
	  <type>GtkWidget</type>
	  <get-children-function>glade_gtk_combo_get_children</get-children-function>
	</child>
      </children>
    </glade-widget-class>
    
    <glade-widget-class name="GtkOptionMenu" generic-name="optionmenu" title="Option Menu">
      <properties>
	
	<property ignore="True" id="atk-press" atk-action="True" name="Press">
	  <tooltip>Set the desctription of the Press atk action</tooltip>
	  <spec>glade_standard_string_spec</spec>
	  <visible-lines>2</visible-lines>
	</property>
      </properties>
    </glade-widget-class>

    <glade-widget-class name="GtkList" generic-name="list" title="List">
      <children>
        
	<child>
	  <type>GtkListItem</type>
	  <add-child-function>gtk_container_add</add-child-function>
	  <remove-child-function>gtk_container_remove</remove-child-function>
	</child>
      </children>
    </glade-widget-class>

    <glade-widget-class name="GtkListItem" generic-name="listitem" title="List Item">
      <post-create-function>glade_gtk_list_item_post_create</post-create-function>
      <properties>
	<property translatable="True" id="label" name="Label">
	  <spec>glade_standard_string_spec</spec>
	  <tooltip>The text to display</tooltip>
	  <set-function>glade_gtk_list_item_set_label</set-function>
	  <get-function>glade_gtk_list_item_get_label</get-function>
	</property>
      </properties>
    </glade-widget-class>

    <glade-widget-class name="GtkCList" generic-name="clist" title="Columned List"></glade-widget-class>
  
    <glade-widget-class name="GtkColorSelection" generic-name="colorselection" title="Color Selection"></glade-widget-class>
    
    <glade-widget-class name="GtkFontSelection" generic-name="fontselection" title="Font Selection"></glade-widget-class>
    
    <glade-widget-class name="GtkCurve" generic-name="curve" title="Curve">
      <properties>
	<property id="curve-type" default="GTK_CURVE_TYPE_SPLINE">
  	  <displayable-values>
	    <value id="GTK_CURVE_TYPE_LINEAR" name="Linear"></value>
	    <value id="GTK_CURVE_TYPE_SPLINE" name="Spline"></value>
	    <value id="GTK_CURVE_TYPE_FREE" name="Free"></value>
	  </displayable-values>
	</property>
      </properties>
    </glade-widget-class>
    
    <glade-widget-class name="GtkGammaCurve" generic-name="gammacurve" title="Gamma Curve"></glade-widget-class>

    <glade-widget-class name="GtkFileSelection" generic-name="fileselection" title="File Selection"></glade-widget-class>
    <glade-widget-class name="Custom" generic-name="custom" title="Custom widget">
      <properties>
	<property id="creation-function"/>
	<property id="string1"/>
	<property id="string2"/>
      </properties>
    </glade-widget-class>

  </glade-widget-classes>

  <glade-widget-group name="gtk-toplevels" title="Toplevels">
    <glade-widget-class-ref name="GtkWindow"/>
    <glade-widget-class-ref name="GtkDialog"/>
    <glade-widget-class-ref name="GtkAboutDialog"/>
    <glade-widget-class-ref name="GtkColorSelectionDialog"/>
    <glade-widget-class-ref name="GtkFileChooserDialog"/>
    <glade-widget-class-ref name="GtkFontSelectionDialog"/>
    <glade-widget-class-ref name="GtkInputDialog"/>
    <glade-widget-class-ref name="GtkMessageDialog"/>
  </glade-widget-group>

  <glade-widget-group name="gtk-containers" title="Containers">
    <glade-widget-class-ref name="GtkHBox"/>
    <glade-widget-class-ref name="GtkVBox"/>
    <glade-widget-class-ref name="GtkTable"/>
    <glade-widget-class-ref name="GtkNotebook"/>
    <glade-widget-class-ref name="GtkFrame"/>
    <glade-widget-class-ref name="GtkAspectFrame"/>
    <glade-widget-class-ref name="GtkMenuBar"/>
    <glade-widget-class-ref name="GtkToolbar"/>
    <glade-widget-class-ref name="GtkHPaned"/>
    <glade-widget-class-ref name="GtkVPaned"/>
    <glade-widget-class-ref name="GtkHButtonBox"/>
    <glade-widget-class-ref name="GtkVButtonBox"/>
    <glade-widget-class-ref name="GtkLayout"/>
    <glade-widget-class-ref name="GtkFixed"/>
    <glade-widget-class-ref name="GtkEventBox"/>
    <glade-widget-class-ref name="GtkExpander"/>
    <glade-widget-class-ref name="GtkViewport"/>
    <glade-widget-class-ref name="GtkScrolledWindow"/>
    <glade-widget-class-ref name="GtkAlignment"/>
  </glade-widget-group>

  <glade-widget-group name="gtk-control-display" title="Control and Display">

    <glade-widget-class-ref name="GtkButton"/>
    <glade-widget-class-ref name="GtkToggleButton"/>
    <glade-widget-class-ref name="GtkCheckButton"/>
    <glade-widget-class-ref name="GtkSpinButton"/>
    <glade-widget-class-ref name="GtkRadioButton"/>
    <glade-widget-class-ref name="GtkFileChooserButton"/>
    <glade-widget-class-ref name="GtkColorButton"/>
    <glade-widget-class-ref name="GtkFontButton"/>

    <glade-widget-class-ref name="GtkImage"/>
    <glade-widget-class-ref name="GtkLabel"/>
    <glade-widget-class-ref name="GtkAccelLabel"/>
    <glade-widget-class-ref name="GtkEntry"/>
    <glade-widget-class-ref name="GtkTextView"/>

    <glade-widget-class-ref name="GtkHScale"/>
    <glade-widget-class-ref name="GtkVScale"/>
    <glade-widget-class-ref name="GtkHScrollbar"/>
    <glade-widget-class-ref name="GtkVScrollbar"/>

    <glade-widget-class-ref name="GtkComboBox"/>
    <glade-widget-class-ref name="GtkComboBoxEntry"/>
    <glade-widget-class-ref name="GtkProgressBar"/>

    <glade-widget-class-ref name="GtkTreeView"/>
    <glade-widget-class-ref name="GtkIconView"/>

    <glade-widget-class-ref name="GtkHandleBox"/>
    <glade-widget-class-ref name="GtkStatusbar"/>

    <glade-widget-class-ref name="GtkCalendar"/>
    <glade-widget-class-ref name="GtkMenu"/>
    <glade-widget-class-ref name="GtkHSeparator"/>
    <glade-widget-class-ref name="GtkVSeparator"/>
    <glade-widget-class-ref name="GtkArrow"/>
    <glade-widget-class-ref name="GtkDrawingArea"/>
  </glade-widget-group>

  <glade-widget-group name="gtk-obsolete" title="Gtk+ Obsolete">

    <default-palette-state expanded="False"/>

    <glade-widget-class-ref name="GtkCombo"/>
    <glade-widget-class-ref name="GtkOptionMenu"/>
    <glade-widget-class-ref name="GtkHRuler"/>
    <glade-widget-class-ref name="GtkVRuler"/>
    <glade-widget-class-ref name="GtkList"/>
    <glade-widget-class-ref name="GtkCList"/>
    <glade-widget-class-ref name="GtkColorSelection"/>
    <glade-widget-class-ref name="GtkFontSelection"/>
    <glade-widget-class-ref name="GtkCurve"/>
    <glade-widget-class-ref name="GtkGammaCurve"/>
    <glade-widget-class-ref name="GtkFileSelection"/>
    <glade-widget-class-ref name="Custom"/>
  </glade-widget-group>
</glade-catalog>